Frecsuma,VolMax,Volprom,Impercepti,Insuficien,Obstrucci,Hundimient,Falta de i,Falta Bomb,Ruptura,id
48,2160.0,141.4320313,15,30,3,0,0,0,0,1
6,15.0,2.510416667,5,1,0,0,0,0,0,2
64,600.0,133.1283203,17,43,4,0,0,0,0,3
2,0.0125,0.0125,2,0,0,0,0,0,0,4
1,192.0,192.0,0,0,0,0,0,1,0,5
39,720.0,106.7102564,16,16,7,0,0,0,0,6
2,0.0125,0.0125,2,0,0,0,0,0,0,7
14,648.0,59.22142857,8,4,2,0,0,0,0,8
2,90.0,45.00625,1,1,0,0,0,0,0,9
33,500.0,44.0969697,16,10,5,1,0,1,0,10
3,56.0,22.67083333,1,1,1,0,0,0,0,11
17,600.0,38.61102941,11,4,2,0,0,0,0,12
7,18.0,4.935714286,4,1,2,0,0,0,0,13
35,1200.0,78.50678571,19,12,4,0,0,0,0,14
45,4000.0,312.4627778,10,24,10,0,1,0,0,15
7,320.0,53.43571429,4,3,0,0,0,0,0,16
15,240.0,59.405,6,8,1,0,0,0,0,17
30,1080.0,103.8079167,19,10,1,0,0,0,0,18
14,9.0,1.795535714,11,2,1,0,0,0,0,19
44,240.0,14.23778409,37,6,1,0,0,0,0,20
2,0.0125,0.0125,2,0,0,0,0,0,0,21
6,7.2,1.210416667,5,0,1,0,0,0,0,22
35,150.0,47.32607143,9,22,4,0,0,0,0,23
29,2850.0,105.1137931,21,7,1,0,0,0,0,24
45,171.0,43.65616667,15,24,5,1,0,0,0,25
44,2520.0,149.2460227,27,13,3,1,0,0,0,26
31,525.0,28.10604839,23,7,1,0,0,0,0,27
62,600.0,66.73245968,34,25,3,0,0,0,0,28
42,900.0,85.03154762,26,9,6,0,1,0,0,29
17,200.0,31.12279412,7,7,3,0,0,0,0,30
6,100.0,16.67708333,5,1,0,0,0,0,0,31
19,480.0,55.08421053,8,8,2,0,1,0,0,32
30,180.0,17.01458333,19,6,5,0,0,0,0,33
9,80.0,10.00972222,6,1,2,0,0,0,0,34
13,13.5,1.741346154,11,2,0,0,0,0,0,35
7,48.0,6.867857143,6,1,0,0,0,0,0,36
7,12.0,1.725,6,1,0,0,0,0,0,37
8,126.0,27.0078125,5,1,2,0,0,0,0,38
30,300.0,32.22041667,13,5,9,1,0,2,0,39
17,144.0,22.59779412,13,3,1,0,0,0,0,40
2,48.0,26.7,0,1,0,0,1,0,0,41
15,320.0,50.60583333,7,6,2,0,0,0,0,42
3,12.0,4.008333333,2,1,0,0,0,0,0,43
20,210.0,24.113125,13,4,0,1,0,2,0,44
1,0.0125,0.0125,1,0,0,0,0,0,0,45
39,180.0,21.23237179,21,7,11,0,0,0,0,46
9,40.0,6.6625,5,2,2,0,0,0,0,47
12,270.0,33.68229167,7,3,2,0,0,0,0,48
7,36.0,5.153571429,6,1,0,0,0,0,0,49
21,192.0,38.50595238,10,10,1,0,0,0,0,50
1,0.0125,0.0125,1,0,0,0,0,0,0,51
4,200.0,74.378125,1,2,1,0,0,0,0,52
1,0.0125,0.0125,1,0,0,0,0,0,0,53
12,300.0,43.34166667,8,4,0,0,0,0,0,54
12,1000.0,166.4208333,4,7,1,0,0,0,0,55
3,32.0,20.67083333,1,1,1,0,0,0,0,56
1,0.0125,0.0125,1,0,0,0,0,0,0,57
55,3840.0,189.9434091,15,35,4,1,0,0,0,58
47,500.0,50.20319149,20,21,5,1,0,0,0,59
30,160.0,16.46541667,17,8,4,1,0,0,0,60
2,0.0125,0.0125,2,0,0,0,0,0,0,61
8,0.0125,0.0125,8,0,0,0,0,0,0,62
74,2400.0,274.0111486,25,46,3,0,0,0,0,63
30,900.0,92.9725,14,15,1,0,0,0,0,64
1,18.0,18.0,0,1,0,0,0,0,0,65
5,18.0,6.905,2,1,2,0,0,0,0,66
4,750.0,188.25625,2,1,1,0,0,0,0,67
12,16.0,2.592708333,9,1,2,0,0,0,0,68
3,9.0,6.004166667,1,0,2,0,0,0,0,69
1,7.5,7.5,0,0,1,0,0,0,0,70
46,480.0,30.26929348,19,12,13,2,0,0,0,71
3,0.0125,0.0125,3,0,0,0,0,0,0,72
9,16.0,3.286111111,6,0,3,0,0,0,0,73
53,90.0,8.835141509,28,8,17,0,0,0,0,74
119,1600.0,29.55997899,71,22,21,2,2,0,1,75
24,120.0,26.29791667,12,6,4,2,0,0,0,76
6,12.0,2.258333333,4,2,0,0,0,0,0,77
3,4.0,1.341666667,2,0,1,0,0,0,0,78
6,1080.0,449.00625,3,3,0,0,0,0,0,79
280,1400.0,83.89965179,116,122,38,2,1,1,0,80
17,27.0,6.182352941,8,2,7,0,0,0,0,81
1,9.0,9.0,0,0,1,0,0,0,0,82
80,120.0,7.0015625,54,12,13,1,0,0,0,83
9,960.0,268.6680556,1,8,0,0,0,0,0,84
2,40.5,20.25625,1,1,0,0,0,0,0,85
7,240.0,48.00892857,5,2,0,0,0,0,0,86
25,240.0,17.386,20,2,3,0,0,0,0,87
25,675.0,40.736,16,8,0,1,0,0,0,88
2,320.0,175.0,0,1,1,0,0,0,0,89
41,870.0,59.79664634,21,14,6,0,0,0,0,90
292,2000.0,138.4270976,96,183,13,0,0,0,0,91
1,1.0,1.0,0,0,1,0,0,0,0,92
1,0.0125,0.0125,1,0,0,0,0,0,0,93
1,1312.5,1312.5,0,1,0,0,0,0,0,94
5,18.0,3.8075,3,0,2,0,0,0,0,95
8,27.0,3.3859375,7,1,0,0,0,0,0,96
8,30.0,4.1328125,5,3,0,0,0,0,0,97
1,60.0,60.0,0,1,0,0,0,0,0,98
8,48.0,6.509375,6,1,1,0,0,0,0,99
3,45.0,24.00416667,1,2,0,0,0,0,0,100
1,90.0,90.0,0,1,0,0,0,0,0,101
105,224.0,11.11916667,63,12,30,0,0,0,0,102
1,0.0125,0.0125,1,0,0,0,0,0,0,103
1,0.0125,0.0125,1,0,0,0,0,0,0,104
13,600.0,69.08269231,6,4,3,0,0,0,0,105
187,2160.0,84.08957219,59,107,18,1,0,2,0,106
55,1980.0,91.37272727,22,18,14,1,0,0,0,107
1,48.0,48.0,0,0,1,0,0,0,0,108
37,480.0,79.70641892,11,24,2,0,0,0,0,109
5,216.0,62.4075,3,1,0,0,0,1,0,110
1,0.0125,0.0125,1,0,0,0,0,0,0,111
1,0.0125,0.0125,1,0,0,0,0,0,0,112
6,450.0,108.8395833,3,3,0,0,0,0,0,113
34,105.0,9.701838235,17,7,10,0,0,0,0,114
2,0.0125,0.0125,2,0,0,0,0,0,0,115
19,640.0,124.1098684,7,9,3,0,0,0,0,116
1,128.0,128.0,0,1,0,0,0,0,0,117
18,420.0,93.06111111,8,8,2,0,0,0,0,118
74,210.0,22.11469595,37,19,16,1,1,0,0,119
44,126.0,11.27744318,26,4,14,0,0,0,0,120
94,2700.0,104.7675532,51,33,8,0,2,0,0,121
6,6.0,1.010416667,5,1,0,0,0,0,0,122
10,320.0,45.0075,6,2,2,0,0,0,0,123
11,112.0,25.22272727,4,4,3,0,0,0,0,124
23,450.0,85.29293478,11,6,6,0,0,0,0,125
5,12.0,4.8075,3,2,0,0,0,0,0,126
1,250.0,250.0,0,0,1,0,0,0,0,127
43,2880.0,128.1127907,24,13,6,0,0,0,0,128
1,0.6,0.6,0,0,1,0,0,0,0,129
1,0.0125,0.0125,1,0,0,0,0,0,0,130
19,90.0,9.430263158,14,3,2,0,0,0,0,131
6,0.0125,0.0125,6,0,0,0,0,0,0,132
2,8.0,4.00625,1,1,0,0,0,0,0,133
38,216.0,18.55460526,21,8,9,0,0,0,0,134
29,800.0,114.1590517,9,12,6,1,0,1,0,135
40,240.0,19.4925,16,6,15,2,1,0,0,136
1,0.0125,0.0125,1,0,0,0,0,0,0,137
4,4.0,1.40625,2,1,0,1,0,0,0,138
8,36.0,9.00625,5,2,1,0,0,0,0,139
77,8000.0,141.4426948,44,27,6,0,0,0,0,140
7,0.0125,0.0125,7,0,0,0,0,0,0,141
1,0.0125,0.0125,1,0,0,0,0,0,0,142
21,432.0,138.8607143,6,14,0,0,1,0,0,143
9,576.0,186.2277778,4,5,0,0,0,0,0,144
7,192.0,50.29107143,3,4,0,0,0,0,0,145
66,1200.0,279.4617424,14,50,2,0,0,0,0,146
1,0.0125,0.0125,1,0,0,0,0,0,0,147
2,0.0125,0.0125,2,0,0,0,0,0,0,148
3,0.0125,0.0125,3,0,0,0,0,0,0,149
1,0.0125,0.0125,1,0,0,0,0,0,0,150
21,72.0,8.322619048,14,3,3,1,0,0,0,151
1,96.0,96.0,0,1,0,0,0,0,0,152
3,12.0,4.008333333,2,0,1,0,0,0,0,153
3,60.0,20.00833333,2,1,0,0,0,0,0,154
8,18.0,3.0265625,5,1,2,0,0,0,0,155
5,24.0,5.4075,3,1,1,0,0,0,0,156
53,1248.0,111.8087264,17,32,3,1,0,0,0,157
2,90.0,45.00625,1,0,1,0,0,0,0,158
1,160.0,160.0,0,1,0,0,0,0,0,159
4,1.6,0.409375,3,0,1,0,0,0,0,160
10,720.0,84.08875,7,2,1,0,0,0,0,161
29,54.0,2.132327586,27,2,0,0,0,0,0,162
2,0.15,0.08125,1,0,1,0,0,0,0,163
3,225.0,75.5,0,2,1,0,0,0,0,164
9,300.0,49.78611111,6,3,0,0,0,0,0,165
10,60.0,8.7075,6,1,3,0,0,0,0,166
21,160.0,13.50654762,11,5,5,0,0,0,0,167
5,12.0,4.0075,3,2,0,0,0,0,0,168
13,24.0,2.557692308,10,1,2,0,0,0,0,169
22,100.0,11.27545455,16,4,2,0,0,0,0,170
270,960.0,27.81166667,124,76,64,6,0,0,0,171
9,360.0,81.78472222,5,4,0,0,0,0,0,172
3,30.0,13.00416667,1,0,2,0,0,0,0,173
46,72.0,6.35,28,5,11,0,0,2,0,174
1,0.0125,0.0125,1,0,0,0,0,0,0,175
6,18.0,3.010416667,5,0,1,0,0,0,0,176
1,0.0125,0.0125,1,0,0,0,0,0,0,177
1,0.0125,0.0125,1,0,0,0,0,0,0,178
2,12.0,6.00625,1,0,1,0,0,0,0,179
2,0.0125,0.0125,2,0,0,0,0,0,0,180
1,120.0,120.0,0,1,0,0,0,0,0,181
14,200.0,14.29732143,13,1,0,0,0,0,0,182
28,560.0,162.0008929,2,23,2,1,0,0,0,183
1,96.0,96.0,0,1,0,0,0,0,0,184
1,6.0,6.0,0,0,1,0,0,0,0,185
24,360.0,20.75520833,18,1,5,0,0,0,0,186
8,400.0,129.003125,2,5,1,0,0,0,0,187
1,0.0125,0.0125,1,0,0,0,0,0,0,188
10,96.0,12.31,8,1,1,0,0,0,0,189
17,300.0,36.00808824,11,3,3,0,0,0,0,190
2,84.0,60.0,0,2,0,0,0,0,0,191
73,4500.0,94.57,36,28,9,0,0,0,0,192
5,240.0,90.9025,1,4,0,0,0,0,0,193
1,0.0125,0.0125,1,0,0,0,0,0,0,194
3,0.0125,0.0125,3,0,0,0,0,0,0,195
19,60.0,8.640789474,14,2,3,0,0,0,0,196
82,30000.0,673.2265244,6,73,3,0,0,0,0,197
131,2240.0,113.816126,57,62,7,3,2,0,0,198
1,1200.0,1200.0,0,0,1,0,0,0,0,199
11,12.0,2.503409091,7,1,3,0,0,0,0,200
2,0.0125,0.0125,2,0,0,0,0,0,0,201
1,9.0,9.0,0,0,0,0,1,0,0,202
3,24.0,8.504166667,1,0,2,0,0,0,0,203
1,3.0,3.0,0,0,1,0,0,0,0,204
3,0.0125,0.0125,3,0,0,0,0,0,0,205
21,560.0,87.0077381,13,8,0,0,0,0,0,206
3,0.0125,0.0125,3,0,0,0,0,0,0,207
33,180.0,12.17348485,25,4,4,0,0,0,0,208
1,0.0125,0.0125,1,0,0,0,0,0,0,209
13,768.0,148.5048077,5,7,1,0,0,0,0,210
3,60.0,36.67083333,1,1,0,0,1,0,0,211
2,45.0,22.50625,1,0,1,0,0,0,0,212
7,750.0,153.7178571,2,5,0,0,0,0,0,213
17,1050.0,199.4727941,3,14,0,0,0,0,0,214
33,400.0,28.52348485,22,8,3,0,0,0,0,215
3,45.0,20.00416667,1,1,1,0,0,0,0,216
15,48.0,6.809166667,11,2,2,0,0,0,0,217
3,0.0125,0.0125,3,0,0,0,0,0,0,218
5,360.0,76.805,2,2,1,0,0,0,0,219
18,288.0,48.67569444,13,4,1,0,0,0,0,220
8,64.0,9.5453125,5,1,2,0,0,0,0,221
1,0.0125,0.0125,1,0,0,0,0,0,0,222
5,8.0,1.61,4,1,0,0,0,0,0,223
2,0.0125,0.0125,2,0,0,0,0,0,0,224
3,3.0,1.008333333,2,0,1,0,0,0,0,225
7,40.0,6.721428571,4,0,3,0,0,0,0,226
1,0.0125,0.0125,1,0,0,0,0,0,0,227
4,48.0,12.009375,3,1,0,0,0,0,0,228
5,45.0,19.005,3,0,2,0,0,0,0,229
16,720.0,99.38515625,13,3,0,0,0,0,0,230
4,480.0,162.003125,1,3,0,0,0,0,0,231
4,48.0,18.25625,2,1,1,0,0,0,0,232
9,31.5,7.508333333,6,2,1,0,0,0,0,233
17,315.0,88.39705882,4,10,3,0,0,0,0,234
4,90.0,25.88125,2,1,1,0,0,0,0,235
7,200.0,35.00714286,4,0,2,1,0,0,0,236
2,0.0125,0.0125,2,0,0,0,0,0,0,237
11,120.0,21.10795455,7,3,1,0,0,0,0,238
2,2.0,1.00625,1,0,1,0,0,0,0,239
11,192.0,24.07386364,5,4,2,0,0,0,0,240
1,12.0,12.0,0,1,0,0,0,0,0,241
25,600.0,44.6075,15,7,2,0,0,1,0,242
5,0.0125,0.0125,5,0,0,0,0,0,0,243
9,6.0,0.677777778,8,1,0,0,0,0,0,244
12,600.0,122.1708333,4,6,0,0,0,2,0,245
2,48.0,24.00625,1,1,0,0,0,0,0,246
50,600.0,43.82825,33,14,3,0,0,0,0,247
2,50.0,25.00625,1,0,1,0,0,0,0,248
7,0.0125,0.0125,7,0,0,0,0,0,0,249
17,192.0,20.90147059,10,1,6,0,0,0,0,250
2,0.0125,0.0125,2,0,0,0,0,0,0,251
17,320.0,37.25955882,8,8,0,0,1,0,0,252
11,240.0,62.73181818,4,2,5,0,0,0,0,253
27,80.0,6.490277778,20,4,3,0,0,0,0,254
1,0.0125,0.0125,1,0,0,0,0,0,0,255
1,0.0125,0.0125,1,0,0,0,0,0,0,256
3,54.0,24.00416667,1,1,1,0,0,0,0,257
2,0.0125,0.0125,2,0,0,0,0,0,0,258
5,1562.5,360.5075,3,2,0,0,0,0,0,259
10,180.0,61.055,4,5,1,0,0,0,0,260
9,60.0,6.677777778,8,0,1,0,0,0,0,261
24,600.0,61.2278125,15,6,3,0,0,0,0,262
20,1440.0,183.055625,9,10,1,0,0,0,0,263
1,0.0125,0.0125,1,0,0,0,0,0,0,264
2,0.0125,0.0125,2,0,0,0,0,0,0,265
12,240.0,34.33854167,4,6,2,0,0,0,0,266
8,480.0,100.0078125,5,2,1,0,0,0,0,267
48,880.0,67.15286458,27,17,3,1,0,0,0,268
6,144.0,64.00625,3,1,2,0,0,0,0,269
1,2250.0,2250.0,1,0,0,0,0,0,0,270
13,210.0,81.09326923,1,9,2,0,1,0,0,271
3,216.0,77.00416667,1,2,0,0,0,0,0,272
6,0.9,0.160416667,5,0,1,0,0,0,0,273
6,96.0,35.33958333,3,2,1,0,0,0,0,274
59,2000.0,174.3845339,15,43,0,0,0,1,0,275
1,320.0,320.0,0,1,0,0,0,0,0,276
1,0.0125,0.0125,1,0,0,0,0,0,0,277
9,120.0,13.34444444,8,1,0,0,0,0,0,278
2,45.0,22.50625,1,0,1,0,0,0,0,279
5,90.0,18.4075,3,0,1,1,0,0,0,280
75,525.0,111.5105,13,55,5,0,2,0,0,281
4,80.0,20.009375,3,1,0,0,0,0,0,282
6,56.0,9.34375,5,1,0,0,0,0,0,283
8,96.0,31.00625,4,4,0,0,0,0,0,284
8,40.0,11.2578125,5,3,0,0,0,0,0,285
1,0.0125,0.0125,1,0,0,0,0,0,0,286
30,40.0,4.515833333,21,1,7,0,1,0,0,287
2,0.0125,0.0125,1,1,0,0,0,0,0,288
5,0.0125,0.0125,5,0,0,0,0,0,0,289
1,0.0125,0.0125,1,0,0,0,0,0,0,290
10,108.0,13.81,8,2,0,0,0,0,0,291
4,120.0,30.009375,3,1,0,0,0,0,0,292
1,480.0,480.0,0,1,0,0,0,0,0,293
11,120.0,15.57727273,8,3,0,0,0,0,0,294
7,0.0125,0.0125,7,0,0,0,0,0,0,295
8,480.0,171.00625,4,3,0,0,0,0,1,296
2,0.0125,0.0125,2,0,0,0,0,0,0,297
2,8.0,4.00625,1,1,0,0,0,0,0,298
2,480.0,240.00625,1,1,0,0,0,0,0,299
4,120.0,38.00625,2,2,0,0,0,0,0,300
3,0.0125,0.0125,3,0,0,0,0,0,0,301
20,12.0,2.209375,15,3,2,0,0,0,0,302
2,8.0,4.00625,1,0,1,0,0,0,0,303
11,60.0,13.73181818,4,6,1,0,0,0,0,304
14,96.0,19.93392857,6,2,4,2,0,0,0,305
2,24.0,12.00625,1,1,0,0,0,0,0,306
11,90.0,20.50795455,7,2,2,0,0,0,0,307
6,12.0,2.010416667,5,0,1,0,0,0,0,308
1,0.0125,0.0125,1,0,0,0,0,0,0,309
1,0.0125,0.0125,1,0,0,0,0,0,0,310
3,14.4,7.470833333,1,1,1,0,0,0,0,311
14,480.0,75.97232143,9,5,0,0,0,0,0,312
10,54.0,8.6575,6,2,2,0,0,0,0,313
1,0.0125,0.0125,1,0,0,0,0,0,0,314
1,0.0125,0.0125,1,0,0,0,0,0,0,315
5,12.0,4.965,2,2,1,0,0,0,0,316
3,0.0125,0.0125,3,0,0,0,0,0,0,317
4,0.0125,0.0125,4,0,0,0,0,0,0,318
1,0.0125,0.0125,1,0,0,0,0,0,0,319
1,3.0,3.0,0,0,1,0,0,0,0,320
1,0.0125,0.0125,1,0,0,0,0,0,0,321
6,40.0,6.677083333,5,1,0,0,0,0,0,322
1,0.0125,0.0125,1,0,0,0,0,0,0,323
5,0.0125,0.0125,5,0,0,0,0,0,0,324
3,0.0125,0.0125,3,0,0,0,0,0,0,325
3,4.5,1.508333333,2,0,1,0,0,0,0,326
5,0.0125,0.0125,5,0,0,0,0,0,0,327
3,36.0,12.00833333,2,1,0,0,0,0,0,328
3,0.0125,0.0125,3,0,0,0,0,0,0,329
1,600.0,600.0,0,1,0,0,0,0,0,330
3,120.0,53.3375,1,2,0,0,0,0,0,331
1,0.0125,0.0125,1,0,0,0,0,0,0,332
160,1728.0,43.84115625,61,56,39,4,0,0,0,333
11,80.0,10.55568182,9,2,0,0,0,0,0,334
3,0.0125,0.0125,2,1,0,0,0,0,0,335
86,240.0,13.76148256,43,26,16,0,1,0,0,336
1,0.0125,0.0125,1,0,0,0,0,0,0,337
7,0.0125,0.0125,7,0,0,0,0,0,0,338
3,0.0125,0.0125,3,0,0,0,0,0,0,339
13,30.0,2.395192308,11,1,1,0,0,0,0,340
1,48.0,48.0,0,1,0,0,0,0,0,341
6,240.0,54.33958333,3,2,0,0,0,1,0,342
4,45.0,11.259375,3,0,1,0,0,0,0,343
29,160.0,21.7012931,21,2,5,1,0,0,0,344
1,4200.0,4200.0,0,0,0,0,1,0,0,345
10,100.0,18.45875,7,2,1,0,0,0,0,346
1,4.5,4.5,0,1,0,0,0,0,0,347
7,720.0,104.8642857,4,1,2,0,0,0,0,348
9,480.0,70.78472222,5,4,0,0,0,0,0,349
1,0.0125,0.0125,1,0,0,0,0,0,0,350
3,300.0,115.0,0,3,0,0,0,0,0,351
3,0.0125,0.0125,3,0,0,0,0,0,0,352
1,144.0,144.0,0,1,0,0,0,0,0,353
1,120.0,120.0,0,1,0,0,0,0,0,354
1,0.0125,0.0125,1,0,0,0,0,0,0,355
16,720.0,101.3992188,3,6,6,0,1,0,0,356
18,1500.0,172.3409722,11,6,1,0,0,0,0,357
3,1440.0,492.0041667,1,2,0,0,0,0,0,358
2,360.0,180.00625,1,1,0,0,0,0,0,359
459,960.0,50.33458606,208,178,64,6,2,1,0,360
7,36.0,6.328571429,4,1,2,0,0,0,0,361
47,1260.0,98.65053191,22,21,4,0,0,0,0,362
15,240.0,56.87083333,5,7,3,0,0,0,0,363
9,48.0,7.075,6,3,0,0,0,0,0,364
4,72.0,37.25,0,2,1,1,0,0,0,365
2,0.0125,0.0125,2,0,0,0,0,0,0,366
1,0.0125,0.0125,1,0,0,0,0,0,0,367
4,0.0125,0.0125,4,0,0,0,0,0,0,368
2,0.0125,0.0125,2,0,0,0,0,0,0,369
1,36.0,36.0,0,1,0,0,0,0,0,370
1,0.0125,0.0125,1,0,0,0,0,0,0,371
5,8.0,1.7875,3,0,1,1,0,0,0,372
3,0.0125,0.0125,3,0,0,0,0,0,0,373
20,900.0,77.929375,7,9,4,0,0,0,0,374
7,480.0,178.8589286,2,5,0,0,0,0,0,375
4,0.0125,0.0125,4,0,0,0,0,0,0,376
1,0.0125,0.0125,1,0,0,0,0,0,0,377
4,40.0,10.009375,3,1,0,0,0,0,0,378
1,0.0125,0.0125,1,0,0,0,0,0,0,379
1,0.0125,0.0125,1,0,0,0,0,0,0,380
3,42.0,14.00833333,2,0,1,0,0,0,0,381
3,200.0,66.675,2,1,0,0,0,0,0,382
13,50.0,5.702884615,11,1,1,0,0,0,0,383
10,220.5,44.3575,6,2,2,0,0,0,0,384
2,0.0125,0.0125,2,0,0,0,0,0,0,385
3,9.0,3.504166667,1,0,2,0,0,0,0,386
4,16.0,8.00625,2,1,1,0,0,0,0,387
2,0.0125,0.0125,2,0,0,0,0,0,0,388
6,108.0,37.0875,2,2,2,0,0,0,0,389
1,0.0125,0.0125,1,0,0,0,0,0,0,390
7,0.0125,0.0125,7,0,0,0,0,0,0,391
4,0.0125,0.0125,4,0,0,0,0,0,0,392
5,0.0125,0.0125,5,0,0,0,0,0,0,393
2,36.0,18.00625,1,1,0,0,0,0,0,394
1,24.0,24.0,0,0,1,0,0,0,0,395
9,30.0,4.676388889,7,1,1,0,0,0,0,396
8,2040.0,543.00625,4,4,0,0,0,0,0,397
20,1920.0,109.358125,13,6,1,0,0,0,0,398
1,8.0,8.0,0,1,0,0,0,0,0,399
12,280.0,33.25833333,8,4,0,0,0,0,0,400
10,120.0,40.90875,3,3,2,1,1,0,0,401
2,0.0125,0.0125,2,0,0,0,0,0,0,402
1,0.0125,0.0125,1,0,0,0,0,0,0,403
1,72.0,72.0,0,1,0,0,0,0,0,404
3,360.0,216.0041667,1,2,0,0,0,0,0,405
1,240.0,240.0,0,1,0,0,0,0,0,406
21,135.0,11.15238095,16,3,2,0,0,0,0,407
1,180.0,180.0,0,1,0,0,0,0,0,408
1,0.0125,0.0125,1,0,0,0,0,0,0,409
3,186.0,62.00833333,2,1,0,0,0,0,0,410
1,0.0125,0.0125,1,0,0,0,0,0,0,411
4,0.0125,0.0125,4,0,0,0,0,0,0,412
1,0.0125,0.0125,1,0,0,0,0,0,0,413
27,450.0,65.26388889,6,15,6,0,0,0,0,414
8,27.0,6.81875,4,2,2,0,0,0,0,415
4,32.0,8.009375,3,1,0,0,0,0,0,416
3,0.0125,0.0125,3,0,0,0,0,0,0,417
3,1.5,0.508333333,2,0,1,0,0,0,0,418
13,1250.0,208.2721154,3,7,2,0,1,0,0,419
11,12000.0,1176.095455,4,7,0,0,0,0,0,420
12,96.0,22.38333333,7,4,0,0,1,0,0,421
30,96.0,10.34541667,21,5,4,0,0,0,0,422
2,31.5,15.75625,1,0,1,0,0,0,0,423
3,0.0125,0.0125,3,0,0,0,0,0,0,424
2,180.0,94.5,0,2,0,0,0,0,0,425
2,0.0125,0.0125,2,0,0,0,0,0,0,426
5,960.0,352.0025,1,3,1,0,0,0,0,427
4,6.0,1.509375,3,0,0,0,0,1,0,428
4,10.0,2.509375,3,0,1,0,0,0,0,429
3,600.0,216.8333333,0,2,1,0,0,0,0,430
1,0.0125,0.0125,1,0,0,0,0,0,0,431
11,240.0,104.9125,3,8,0,0,0,0,0,432
2,4.0,2.00625,1,0,1,0,0,0,0,433
1,0.0125,0.0125,1,0,0,0,0,0,0,434
1,60.0,60.0,0,1,0,0,0,0,0,435
134,15750.0,287.8972015,47,78,8,0,0,1,0,436
1,11.25,11.25,0,1,0,0,0,0,0,437
1,0.0125,0.0125,1,0,0,0,0,0,0,438
3,0.0125,0.0125,3,0,0,0,0,0,0,439
12,120.0,20.425,8,3,1,0,0,0,0,440
5,14.0,5.2075,3,1,1,0,0,0,0,441
8,48.0,6.571875,5,2,1,0,0,0,0,442
9,250.0,75.8125,1,6,1,0,1,0,0,443
3,175.0,62.3375,1,2,0,0,0,0,0,444
1,0.0125,0.0125,1,0,0,0,0,0,0,445
1,31.5,31.5,0,0,1,0,0,0,0,446
16,120.0,11.1640625,10,2,3,0,0,0,1,447
1,0.0125,0.0125,1,0,0,0,0,0,0,448
16,480.0,86.39765625,9,4,3,0,0,0,0,449
9,42.0,13.22638889,3,1,5,0,0,0,0,450
3,140.0,61.67083333,1,1,0,0,0,1,0,451
25,180.0,13.836,16,5,3,0,0,0,1,452
1,0.0125,0.0125,1,0,0,0,0,0,0,453
4,24.0,6.009375,3,1,0,0,0,0,0,454
4,135.0,33.759375,3,1,0,0,0,0,0,455
10,600.0,147.805,4,5,0,0,1,0,0,456
2,0.0125,0.0125,2,0,0,0,0,0,0,457
9,120.0,13.34444444,8,0,1,0,0,0,0,458
2,0.0125,0.0125,2,0,0,0,0,0,0,459
4,750.0,190.50625,2,2,0,0,0,0,0,460
1,0.0125,0.0125,0,0,1,0,0,0,0,461
4,12.0,4.13125,2,1,1,0,0,0,0,462
4,0.0125,0.0125,4,0,0,0,0,0,0,463
4,30.0,14.25625,2,2,0,0,0,0,0,464
5,1.5,0.6075,3,0,2,0,0,0,0,465
11,15.0,4.165909091,6,1,4,0,0,0,0,466
4,80.0,42.503125,1,3,0,0,0,0,0,467
2,60.0,36.0,0,1,1,0,0,0,0,468
1,0.0125,0.0125,1,0,0,0,0,0,0,469
2,360.0,192.0,0,2,0,0,0,0,0,470
7,18.0,5.075,2,0,5,0,0,0,0,471
8,13.5,3.259375,6,1,1,0,0,0,0,472
3,24.0,8.008333333,2,1,0,0,0,0,0,473
12,35.0,6.023958333,7,1,4,0,0,0,0,474
8,600.0,182.7515625,1,5,0,1,1,0,0,475
1,0.0125,0.0125,1,0,0,0,0,0,0,476
6,200.0,43.34166667,4,2,0,0,0,0,0,477
3,0.0125,0.0125,3,0,0,0,0,0,0,478
19,720.0,57.55197368,3,7,7,2,0,0,0,479
4,360.0,102.00625,2,1,0,0,1,0,0,480
1,0.0125,0.0125,1,0,0,0,0,0,0,481
4,18.0,4.509375,3,0,1,0,0,0,0,482
2,48.0,47.4,0,1,1,0,0,0,0,483
8,64.0,21.13125,4,3,1,0,0,0,0,484
1,0.0125,0.0125,1,0,0,0,0,0,0,485
1,54.0,54.0,0,1,0,0,0,0,0,486
31,6000.0,622.1649194,9,19,1,1,0,1,0,487
7,270.0,49.93571429,4,2,1,0,0,0,0,488
126,400.0,17.00904762,55,21,50,0,0,0,0,489
11,84.0,18.55113636,5,2,4,0,0,0,0,490
7,0.0125,0.0125,7,0,0,0,0,0,0,491
14,400.0,51.46428571,8,5,1,0,0,0,0,492
9,108.0,23.50833333,6,3,0,0,0,0,0,493
22,36.0,6.743181818,13,4,5,0,0,0,0,494
6,0.0125,0.0125,6,0,0,0,0,0,0,495
17,360.0,43.53544118,9,4,3,1,0,0,0,496
9,1120.0,463.3333333,0,9,0,0,0,0,0,497
5,72.0,14.41,4,1,0,0,0,0,0,498
11,375.0,44.73522727,7,0,4,0,0,0,0,499
17,336.0,83.12205882,6,8,3,0,0,0,0,500
1,90.0,90.0,0,0,1,0,0,0,0,501
2,0.0125,0.0125,2,0,0,0,0,0,0,502
1,0.0125,0.0125,1,0,0,0,0,0,0,503
3,0.0125,0.0125,3,0,0,0,0,0,0,504
2,0.0125,0.0125,2,0,0,0,0,0,0,505
4,240.0,105.565625,1,3,0,0,0,0,0,506
10,300.0,55.605,4,4,1,1,0,0,0,507
8,0.0125,0.0125,8,0,0,0,0,0,0,508
29,18.0,4.059482759,14,5,9,1,0,0,0,509
4,90.0,22.509375,3,1,0,0,0,0,0,510
65,540.0,82.06911538,17,39,7,2,0,0,0,511
16,30.0,8.0703125,10,2,2,2,0,0,0,512
2,0.0125,0.0125,2,0,0,0,0,0,0,513
13,720.0,93.54519231,7,4,2,0,0,0,0,514
9,1280.0,218.3361111,2,7,0,0,0,0,0,515
5,0.0125,0.0125,5,0,0,0,0,0,0,516
2,0.0125,0.0125,2,0,0,0,0,0,0,517
2,80.0,40.00625,1,0,1,0,0,0,0,518
2,9.0,4.50625,1,1,0,0,0,0,0,519
66,6000.0,272.445303,24,39,3,0,0,0,0,520
7,36.0,10.29464286,5,1,1,0,0,0,0,521
4,105.0,26.50625,2,2,0,0,0,0,0,522
186,90.0,10.94665323,78,29,72,7,0,0,0,523
4,54.0,13.509375,3,0,1,0,0,0,0,524
1,18.0,18.0,0,1,0,0,0,0,0,525
61,204.0,48.83258197,21,35,5,0,0,0,0,526
6,0.0125,0.0125,6,0,0,0,0,0,0,527
3,7.5,3.0375,1,1,1,0,0,0,0,528
1,60.0,60.0,0,1,0,0,0,0,0,529
2,0.0125,0.0125,2,0,0,0,0,0,0,530
5,160.0,32.01,4,1,0,0,0,0,0,531
16,1400.0,195.6304688,7,9,0,0,0,0,0,532
4,63.0,30.75625,2,1,1,0,0,0,0,533
9,180.0,48.225,2,7,0,0,0,0,0,534
2,150.0,99.0,0,0,2,0,0,0,0,535
3,100.0,33.34166667,2,1,0,0,0,0,0,536
177,630.0,32.42507062,103,51,21,0,1,1,0,537
3,120.0,120.0,0,3,0,0,0,0,0,538
14,18.75,2.063392857,9,2,3,0,0,0,0,539
3,192.0,134.0,0,3,0,0,0,0,0,540
2,48.0,24.00625,1,1,0,0,0,0,0,541
8,180.0,27.3828125,5,2,1,0,0,0,0,542
12,360.0,34.028125,7,2,3,0,0,0,0,543
3,0.0125,0.0125,3,0,0,0,0,0,0,544
170,21000.0,387.5443382,123,30,16,1,0,0,0,545
11,36.0,8.190909091,8,3,0,0,0,0,0,546
1,0.0125,0.0125,1,0,0,0,0,0,0,547
16,320.0,91.815625,4,12,0,0,0,0,0,548
2,0.0125,0.0125,1,1,0,0,0,0,0,549
16,216.0,37.84375,8,3,2,2,1,0,0,550
3,0.0125,0.0125,3,0,0,0,0,0,0,551
6,0.0125,0.0125,6,0,0,0,0,0,0,552
1,120.0,120.0,0,1,0,0,0,0,0,553
25,3000.0,227.007,14,11,0,0,0,0,0,554
21,126.0,12.58095238,16,5,0,0,0,0,0,555
19,216.0,55.13486842,6,12,1,0,0,0,0,556
13,800.0,305.2346154,4,9,0,0,0,0,0,557
1,5.6,5.6,0,1,0,0,0,0,0,558
1,0.0125,0.0125,1,0,0,0,0,0,0,559
19,720.0,57.20723684,11,5,3,0,0,0,0,560
189,1000.0,18.0353836,114,19,49,6,1,0,0,561
8,315.0,114.38125,4,3,1,0,0,0,0,562
1,0.0125,0.0125,1,0,0,0,0,0,0,563
10,480.0,57.0075,6,2,2,0,0,0,0,564
13,240.0,49.85288462,7,5,1,0,0,0,0,565
1,0.0125,0.0125,1,0,0,0,0,0,0,566
38,100.0,17.36776316,19,8,10,0,0,1,0,567
4,30.0,13.13125,2,1,1,0,0,0,0,568
28,2000.0,77.66160714,18,5,5,0,0,0,0,569
13,648.0,146.6942308,2,10,1,0,0,0,0,570
5,180.0,36.01,4,0,1,0,0,0,0,571
5,0.0125,0.0125,5,0,0,0,0,0,0,572
1,200.0,200.0,0,0,0,0,1,0,0,573
15,2880.0,479.6016667,2,12,0,1,0,0,0,574
15,0.0125,0.0125,15,0,0,0,0,0,0,575
1,0.0125,0.0125,1,0,0,0,0,0,0,576
2,144.0,93.0,0,2,0,0,0,0,0,577
11,30.0,5.517045455,7,1,3,0,0,0,0,578
1,0.0125,0.0125,1,0,0,0,0,0,0,579
2,0.0125,0.0125,2,0,0,0,0,0,0,580
3,600.0,251.0,0,0,3,0,0,0,0,581
2,0.0125,0.0125,2,0,0,0,0,0,0,582
3,0.0125,0.0125,3,0,0,0,0,0,0,583
2,0.0125,0.0125,2,0,0,0,0,0,0,584
13,7500.0,581.0076923,8,2,2,1,0,0,0,585
8,0.0125,0.0125,8,0,0,0,0,0,0,586
7,480.0,82.32178571,4,1,2,0,0,0,0,587
3,0.0125,0.0125,2,0,0,0,1,0,0,588
1,48.0,48.0,0,1,0,0,0,0,0,589
14,1800.0,162.9571429,4,5,4,1,0,0,0,590
20,94.5,22.780625,9,5,6,0,0,0,0,591
1,560.0,560.0,0,0,1,0,0,0,0,592
3,240.0,92.0,0,1,2,0,0,0,0,593
35,4500.0,311.0210714,11,19,3,2,0,0,0,594
3,60.0,20.00833333,2,1,0,0,0,0,0,595
7,0.0125,0.0125,7,0,0,0,0,0,0,596
8,4.5,0.5734375,7,1,0,0,0,0,0,597
2,60.0,39.0,0,2,0,0,0,0,0,598
2,0.0125,0.0125,2,0,0,0,0,0,0,599
2,0.0125,0.0125,2,0,0,0,0,0,0,600
1,0.0125,0.0125,1,0,0,0,0,0,0,601
4,108.0,27.009375,3,1,0,0,0,0,0,602
12,240.0,38.50729167,7,3,2,0,0,0,0,603
6,288.0,87.00625,3,2,1,0,0,0,0,604
1,0.0125,0.0125,1,0,0,0,0,0,0,605
8,30.0,5.83125,4,1,3,0,0,0,0,606
7,90.0,16.11785714,2,1,4,0,0,0,0,607
2,0.0125,0.0125,2,0,0,0,0,0,0,608
1,225.0,225.0,0,1,0,0,0,0,0,609
5,0.0125,0.0125,5,0,0,0,0,0,0,610
4,160.0,44.50625,2,1,1,0,0,0,0,611
3,0.0125,0.0125,3,0,0,0,0,0,0,612
3,27.0,16.0,0,2,1,0,0,0,0,613
2,22.5,11.25625,1,0,1,0,0,0,0,614
66,560.0,26.16287879,40,14,12,0,0,0,0,615
3,90.0,59.33333333,0,2,1,0,0,0,0,616
1,0.0125,0.0125,1,0,0,0,0,0,0,617
4,45.0,14.25625,2,1,1,0,0,0,0,618
2,420.0,210.00625,1,1,0,0,0,0,0,619
3,0.0125,0.0125,3,0,0,0,0,0,0,620
1,30.0,30.0,0,1,0,0,0,0,0,621
9,75.0,23.00416667,3,5,1,0,0,0,0,622
6,28.0,4.677083333,5,0,1,0,0,0,0,623
3,0.0125,0.0125,3,0,0,0,0,0,0,624
39,2000.0,66.25,21,8,9,1,0,0,0,625
30,1200.0,252.5195833,7,18,5,0,0,0,0,626
9,36.0,7.322222222,5,1,3,0,0,0,0,627
14,1080.0,113.775,4,10,0,0,0,0,0,628
33,480.0,90.58636364,12,14,7,0,0,0,0,629
5,0.0125,0.0125,5,0,0,0,0,0,0,630
53,1280.0,84.14198113,26,24,2,0,0,1,0,631
21,60.0,5.60952381,15,2,4,0,0,0,0,632
361,24000.0,331.5712604,83,231,41,4,1,0,1,633
4,160.0,42.00625,2,1,1,0,0,0,0,634
8,750.0,127.8765625,1,6,1,0,0,0,0,635
1,600.0,600.0,0,0,0,1,0,0,0,636
2,0.0125,0.0125,2,0,0,0,0,0,0,637
1,0.0125,0.0125,0,0,0,0,0,1,0,638
74,1800.0,150.5415541,34,30,6,3,0,1,0,639
2,0.0125,0.0125,2,0,0,0,0,0,0,640
39,480.0,33.40769231,20,4,14,1,0,0,0,641
13,960.0,155.2365385,6,6,1,0,0,0,0,642
1,0.0125,0.0125,1,0,0,0,0,0,0,643
1,0.0125,0.0125,1,0,0,0,0,0,0,644
1,0.0125,0.0125,1,0,0,0,0,0,0,645
3,24.0,8.3375,1,1,1,0,0,0,0,646
10,6.0,0.88125,5,0,5,0,0,0,0,647
11,480.0,102.5534091,7,4,0,0,0,0,0,648
8,8.0,2.6953125,5,1,2,0,0,0,0,649
1,0.0125,0.0125,1,0,0,0,0,0,0,650
8,240.0,31.596875,4,1,3,0,0,0,0,651
3,22.5,7.508333333,2,1,0,0,0,0,0,652
3,180.0,116.0041667,1,1,1,0,0,0,0,653
21,720.0,44.82547619,14,6,0,1,0,0,0,654
20,800.0,68.031875,12,2,6,0,0,0,0,655
3,0.0125,0.0125,3,0,0,0,0,0,0,656
17,300.0,64.12205882,6,6,5,0,0,0,0,657
51,504.0,65.61446078,27,9,15,0,0,0,0,658
4,67.5,16.884375,3,1,0,0,0,0,0,659
57,450.0,56.65701754,28,9,19,0,0,0,1,660
11,140.0,16.28068182,7,3,1,0,0,0,0,661
26,360.0,17.19182692,18,2,6,0,0,0,0,662
12,160.0,14.175,8,2,2,0,0,0,0,663
6,15.0,4.672916667,3,1,2,0,0,0,0,664
14,18.0,4.099107143,7,3,3,1,0,0,0,665
4,21.0,5.259375,3,0,1,0,0,0,0,666
10,180.0,41.0575,6,3,1,0,0,0,0,667
2,0.0125,0.0125,2,0,0,0,0,0,0,668
2,30.0,15.00625,1,0,1,0,0,0,0,669
11,120.0,21.82613636,6,4,1,0,0,0,0,670
8,48.0,7.009375,6,1,1,0,0,0,0,671
18,36.0,2.821944444,14,1,3,0,0,0,0,672
95,7800.0,503.3947368,32,57,6,0,0,0,0,673
1,1.6,1.6,0,0,1,0,0,0,0,674
4,0.0125,0.0125,4,0,0,0,0,0,0,675
15,600.0,43.81,12,2,1,0,0,0,0,676
9,36.0,4.011111111,8,1,0,0,0,0,0,677
29,3200.0,329.7724138,8,14,5,1,1,0,0,678
16,400.0,39.13046875,7,5,3,0,1,0,0,679
1,0.0125,0.0125,1,0,0,0,0,0,0,680
7,120.0,34.31785714,2,2,2,1,0,0,0,681
96,1680.0,214.2709635,17,71,7,0,0,1,0,682
9,142.5,31.36388889,2,5,1,0,1,0,0,683
9,48.0,7.120833333,7,1,1,0,0,0,0,684
14,96.0,15.00803571,9,2,3,0,0,0,0,685
23,600.0,74.13913043,16,7,0,0,0,0,0,686
26,5760.0,278.6423077,16,7,3,0,0,0,0,687
13,240.0,41.73211538,7,2,3,1,0,0,0,688
7,288.0,61.3625,3,3,1,0,0,0,0,689
2,0.0125,0.0125,2,0,0,0,0,0,0,690
4,0.0125,0.0125,4,0,0,0,0,0,0,691
14,150.0,15.47857143,8,2,4,0,0,0,0,692
5,192.0,85.2025,1,3,1,0,0,0,0,693
6,37.5,7.008333333,4,1,1,0,0,0,0,694
2,600.0,381.0,0,2,0,0,0,0,0,695
1,12.0,12.0,0,1,0,0,0,0,0,696
17,25.0,3.333088235,13,0,4,0,0,0,0,697
3,360.0,135.9166667,0,2,0,0,1,0,0,698
7,120.0,28.57678571,3,3,1,0,0,0,0,699
1,0.2,0.2,0,0,1,0,0,0,0,700
5,48.0,10.5075,3,2,0,0,0,0,0,701
1,0.0125,0.0125,1,0,0,0,0,0,0,702
4,224.0,71.00625,2,2,0,0,0,0,0,703
9,72.0,15.23055556,6,0,1,0,2,0,0,704
9,600.0,152.5055556,4,5,0,0,0,0,0,705
20,450.0,114.49875,6,12,2,0,0,0,0,706
9,60.0,17.49888889,4,3,2,0,0,0,0,707
5,0.0125,0.0125,5,0,0,0,0,0,0,708
13,120.0,10.47211538,11,2,0,0,0,0,0,709
6,18.0,3.010416667,5,1,0,0,0,0,0,710
7,144.0,34.86607143,5,2,0,0,0,0,0,711
3,200.0,66.675,2,1,0,0,0,0,0,712
12,480.0,126.3364583,3,9,0,0,0,0,0,713
7,60.0,12.00892857,5,2,0,0,0,0,0,714
65,144.0,9.438076923,47,11,6,1,0,0,0,715
16,360.0,26.32734375,11,2,3,0,0,0,0,716
44,1000.0,47.31306818,22,14,7,0,0,0,1,717
2,27.0,13.50625,1,0,1,0,0,0,0,718
15,60.0,8.276666667,11,2,2,0,0,0,0,719
14,896.0,107.5053571,6,8,0,0,0,0,0,720
14,4.0,0.475,12,0,2,0,0,0,0,721
16,1920.0,128.0046875,6,4,6,0,0,0,0,722
7,32.0,4.582142857,6,0,1,0,0,0,0,723
17,105.6,12.04411765,12,2,3,0,0,0,0,724
10,96.0,10.00375,7,1,2,0,0,0,0,725
33,1600.0,265.5496212,11,19,3,0,0,0,0,726
55,120.0,7.393409091,37,9,8,1,0,0,0,727
3,12.0,4.008333333,2,0,1,0,0,0,0,728
2,120.0,75.0,0,1,1,0,0,0,0,729
15,18.0,2.410833333,13,2,0,0,0,0,0,730
1,1.5,1.5,0,0,1,0,0,0,0,731
11,640.0,58.19318182,10,1,0,0,0,0,0,732
10,360.0,45.01,8,1,0,0,0,1,0,733
47,1200.0,143.1117021,8,35,3,0,1,0,0,734
14,96.0,29.38125,7,4,3,0,0,0,0,735
2,0.0125,0.0125,2,0,0,0,0,0,0,736
11,72.0,9.317045455,7,2,2,0,0,0,0,737
15,140.0,10.14416667,13,1,1,0,0,0,0,738
13,45.0,6.643269231,9,2,2,0,0,0,0,739
3,0.0125,0.0125,3,0,0,0,0,0,0,740
42,864.0,91.73065476,15,18,9,0,0,0,0,741
12,16.0,1.60625,10,1,1,0,0,0,0,742
10,27.0,5.6075,6,1,3,0,0,0,0,743
24,160.0,26.77864583,15,7,1,1,0,0,0,744
1,0.0125,0.0125,1,0,0,0,0,0,0,745
12,140.0,24.95208333,6,4,2,0,0,0,0,746
1,0.0125,0.0125,1,0,0,0,0,0,0,747
7,240.0,36.00892857,5,1,1,0,0,0,0,748
53,1440.0,129.4790094,11,33,8,0,0,1,0,749
30,1000.0,102.97125,11,12,6,1,0,0,0,750
3,64.0,31.3375,1,2,0,0,0,0,0,751
1,0.0125,0.0125,1,0,0,0,0,0,0,752
127,3000.0,101.7108268,62,36,28,1,0,0,0,753
31,360.0,74.02217742,15,16,0,0,0,0,0,754
18,48.0,5.68125,12,4,2,0,0,0,0,755
5,64.0,12.81,4,1,0,0,0,0,0,756
26,240.0,24.73846154,15,6,4,1,0,0,0,757
3,160.0,58.86666667,0,1,1,1,0,0,0,758
14,480.0,80.50535714,6,4,4,0,0,0,0,759
3,1440.0,640.0041667,1,2,0,0,0,0,0,760
5,90.0,18.6075,3,2,0,0,0,0,0,761
21,801.5,59.71964286,9,6,6,0,0,0,0,762
2,0.0125,0.0125,2,0,0,0,0,0,0,763
2,96.0,55.5,0,2,0,0,0,0,0,764
13,180.0,17.25865385,9,1,2,1,0,0,0,765
66,160.0,7.489772727,50,11,5,0,0,0,0,766
1,180.0,180.0,0,0,1,0,0,0,0,767
5,0.0125,0.0125,5,0,0,0,0,0,0,768
38,192.0,19.31677632,19,7,12,0,0,0,0,769
6,20.0,5.341666667,4,0,2,0,0,0,0,770
13,6.0,1.231730769,9,1,3,0,0,0,0,771
11,240.0,41.46022727,5,2,4,0,0,0,0,772
28,1500.0,93.36339286,14,13,0,1,0,0,0,773
31,600.0,38.95201613,17,8,6,0,0,0,0,774
26,108.0,11.98846154,16,7,3,0,0,0,0,775
37,150.0,18.69932432,20,5,11,1,0,0,0,776
18,3600.0,273.0597222,6,6,4,1,0,1,0,777
1,0.0125,0.0125,1,0,0,0,0,0,0,778
2,0.0125,0.0125,2,0,0,0,0,0,0,779
4,360.0,95.003125,1,2,1,0,0,0,0,780
39,400.0,32.0599359,27,7,4,0,0,1,0,781
5,0.0125,0.0125,5,0,0,0,0,0,0,782
7,320.0,45.725,6,1,0,0,0,0,0,783
1,15.0,15.0,0,0,1,0,0,0,0,784
5,90.0,18.01,4,0,1,0,0,0,0,785
1,0.0125,0.0125,1,0,0,0,0,0,0,786
2,120.0,60.00625,1,0,1,0,0,0,0,787
3,0.0125,0.0125,3,0,0,0,0,0,0,788
46,3200.0,125.8209239,20,18,3,1,4,0,0,789
8,18.0,4.81875,4,2,2,0,0,0,0,790
23,60.0,9.155978261,11,7,4,0,0,1,0,791
18,750.0,126.4493056,7,5,6,0,0,0,0,792
117,200.0,12.93301282,65,18,33,1,0,0,0,793
5,360.0,100.005,2,2,0,1,0,0,0,794
1,6.75,6.75,0,0,1,0,0,0,0,795
8,75.0,26.878125,2,1,4,1,0,0,0,796
8,32.0,4.071875,6,1,1,0,0,0,0,797
29,240.0,65.27974138,9,15,3,1,1,0,0,798
1,15.0,15.0,0,1,0,0,0,0,0,799
6,9.0,2.75625,3,2,1,0,0,0,0,800
127,1600.0,73.77470472,84,37,6,0,0,0,0,801
56,180.0,21.51808036,29,18,8,1,0,0,0,802
68,750.0,75.96011029,31,35,2,0,0,0,0,803
4,37.5,9.384375,3,1,0,0,0,0,0,804
76,180.0,14.43569079,41,10,24,0,1,0,0,805
9,9.0,1.676388889,7,2,0,0,0,0,0,806
107,150.0,12.01600467,81,10,15,0,1,0,0,807
33,420.0,51.81590909,17,9,5,2,0,0,0,808
71,2100.0,97.95897887,27,40,3,1,0,0,0,809
15,2250.0,159.0766667,12,2,0,1,0,0,0,810
2,27.0,13.50625,1,1,0,0,0,0,0,811
15,45.0,6.61,12,1,2,0,0,0,0,812
42,240.0,51.09946429,9,27,5,1,0,0,0,813
10,16.0,2.9325,6,1,2,1,0,0,0,814
6,60.0,10.01041667,5,1,0,0,0,0,0,815
5,0.0125,0.0125,5,0,0,0,0,0,0,816
37,500.0,96.90405405,12,17,7,1,0,0,0,817
16,160.0,28.81796875,7,5,4,0,0,0,0,818
1,0.0125,0.0125,1,0,0,0,0,0,0,819
8,80.0,11.0703125,5,1,1,1,0,0,0,820
14,540.0,126.5732143,2,5,7,0,0,0,0,821
3,0.0125,0.0125,3,0,0,0,0,0,0,822
12,30.0,6.342708333,9,2,1,0,0,0,0,823
3,0.0125,0.0125,3,0,0,0,0,0,0,824
1,0.0125,0.0125,1,0,0,0,0,0,0,825
17,90.0,9.55,10,3,4,0,0,0,0,826
3,0.0125,0.0125,3,0,0,0,0,0,0,827
10,120.0,43.3525,2,6,2,0,0,0,0,828
13,140.0,27.19807692,6,3,4,0,0,0,0,829
12,6.0,0.511458333,11,0,1,0,0,0,0,830
50,9000.0,247.43625,25,19,6,0,0,0,0,831
405,2400.0,128.7085123,83,288,30,3,1,0,0,832
40,240.0,28.14625,16,10,14,0,0,0,0,833
49,144.0,10.12423469,31,9,9,0,0,0,0,834
7,360.0,157.4321429,2,2,3,0,0,0,0,835
25,120.0,16.928,16,4,4,1,0,0,0,836
3,3.0,1.008333333,2,0,1,0,0,0,0,837
38,300.0,36.12631579,16,14,5,3,0,0,0,838
21,120.0,13.97202381,9,3,8,1,0,0,0,839
3,800.0,476.6708333,1,2,0,0,0,0,0,840
8,300.0,41.259375,6,2,0,0,0,0,0,841
28,180.0,26.61383929,15,5,5,2,1,0,0,842
8,0.45,0.0671875,7,1,0,0,0,0,0,843
34,200.0,25.79882353,12,11,7,3,1,0,0,844
12,67.5,13.28854167,5,1,4,2,0,0,0,845
17,360.0,44.91985294,11,3,3,0,0,0,0,846
15,160.0,29.27333333,8,6,1,0,0,0,0,847
31,4800.0,201.9419355,16,9,6,0,0,0,0,848
9,800.0,91.56527778,7,2,0,0,0,0,0,849
68,540.0,61.08639706,30,22,14,0,1,0,1,850
16,600.0,110.7570313,9,7,0,0,0,0,0,851
13,40.0,9.352884615,7,2,4,0,0,0,0,852
16,1000.0,108.7148438,3,8,4,0,1,0,0,853
209,128.0,5.349976077,145,25,38,1,0,0,0,854
15,108.0,17.60833333,10,3,2,0,0,0,0,855
17,216.0,45.53529412,8,8,1,0,0,0,0,856
12,100.0,14.003125,7,3,2,0,0,0,0,857
21,180.0,12.62797619,15,3,3,0,0,0,0,858
5,9.0,1.9075,3,1,1,0,0,0,0,859
6,120.0,31.29583333,2,2,2,0,0,0,0,860
1,0.0125,0.0125,1,0,0,0,0,0,0,861
2,48.0,24.00625,1,1,0,0,0,0,0,862
2,60.0,30.00625,1,1,0,0,0,0,0,863
17,360.0,50.59264706,6,8,3,0,0,0,0,864
7,375.0,108.4357143,4,1,2,0,0,0,0,865
4,2000.0,502.253125,1,2,1,0,0,0,0,866
90,1200.0,102.1234722,17,46,26,0,1,0,0,867
21,9600.0,511.2244048,5,6,7,3,0,0,0,868
12,36.0,6.759375,9,2,1,0,0,0,0,869
30,300.0,44.77875,5,13,12,0,0,0,0,870
5,36.0,7.21,4,1,0,0,0,0,0,871
13,7200.0,1019.083654,7,3,3,0,0,0,0,872
2,15.0,15.0,0,2,0,0,0,0,0,873
35,400.0,23.46392857,19,7,8,0,0,1,0,874
2,18.0,9.00625,1,1,0,0,0,0,0,875
25,490.0,27.639,18,4,2,1,0,0,0,876
6,18.0,3.010416667,5,1,0,0,0,0,0,877
16,12.0,2.4015625,6,0,10,0,0,0,0,878
17,120.0,10.07691176,12,3,2,0,0,0,0,879
114,144000.0,1303.301886,55,46,10,2,0,1,0,880
11,64.0,5.829545455,10,0,1,0,0,0,0,881
159,6000.0,103.2770912,43,87,27,2,0,0,0,882
7,160.0,27.15,4,1,2,0,0,0,0,883
144,900.0,17.09194444,80,22,36,6,0,0,0,884
7,0.0125,0.0125,7,0,0,0,0,0,0,885
2,31.5,24.75,0,2,0,0,0,0,0,886
34,72.0,11.43897059,14,5,12,2,0,1,0,887
29,48.0,9.925,10,6,12,1,0,0,0,888
78,640.0,31.3099359,42,20,14,1,0,1,0,889
8,30.0,7.6328125,5,2,1,0,0,0,0,890
11,75.0,12.28181818,7,3,1,0,0,0,0,891
701,1440.0,15.47517118,369,120,206,5,1,0,0,892
22,1200.0,84.75738636,13,7,2,0,0,0,0,893
58,6750.0,140.5784483,35,15,8,0,0,0,0,894
12,192.0,28.63229167,7,3,1,1,0,0,0,895
1,0.0125,0.0125,1,0,0,0,0,0,0,896
14,288.0,37.93660714,9,3,2,0,0,0,0,897
35,240.0,23.22321429,21,8,6,0,0,0,0,898
9,72.0,12.00833333,6,1,2,0,0,0,0,899
109,240.0,20.50584862,56,41,12,0,0,0,0,900
13,45.0,16.34903846,3,4,6,0,0,0,0,901
28,320.0,30.11473214,17,9,2,0,0,0,0,902
10,802.0,82.30875,7,2,1,0,0,0,0,903
63,1344.0,86.44384921,17,35,11,0,0,0,0,904
3,0.0125,0.0125,3,0,0,0,0,0,0,905
4,0.0125,0.0125,4,0,0,0,0,0,0,906
92,1350.0,50.52567935,54,19,18,0,1,0,0,907
36,135.0,19.21006944,17,5,14,0,0,0,0,908
3,0.0125,0.0125,3,0,0,0,0,0,0,909
26,216.0,53.66153846,8,15,2,1,0,0,0,910
13,150.0,13.39423077,10,1,2,0,0,0,0,911
60,630.0,46.80875,34,18,8,0,0,0,0,912
1,0.0125,0.0125,1,0,0,0,0,0,0,913
10,96.0,22.20625,5,4,1,0,0,0,0,914
62,1500.0,60.80383065,31,23,8,0,0,0,0,915
21,900.0,108.0529762,9,7,5,0,0,0,0,916
9,84.0,19.95,4,1,4,0,0,0,0,917
16,25.0,4.13203125,9,1,6,0,0,0,0,918
32,12000.0,397.3394531,21,9,1,0,1,0,0,919
97,2400.0,128.7400773,26,53,8,6,4,0,0,920
12,120.0,26.00833333,8,4,0,0,0,0,0,921
15,45.0,8.0425,11,3,1,0,0,0,0,922
9,300.0,36.34305556,7,2,0,0,0,0,0,923
11,40.0,4.872727273,8,0,3,0,0,0,0,924
10,48.0,4.81125,9,1,0,0,0,0,0,925
3,24.0,8.008333333,1,0,1,0,1,0,0,926
57,300.0,38.28135965,32,17,4,2,1,1,0,927
12,450.0,41.48958333,6,3,3,0,0,0,0,928
188,150.0,8.109787234,111,18,55,2,1,1,0,929
118,160.0,10.49650424,71,20,27,0,0,0,0,930
2,22.5,15.75,0,1,0,1,0,0,0,931
198,240.0,10.01578283,118,27,51,1,1,0,0,932
1,64.0,64.0,0,0,0,0,1,0,0,933
155,126.5,8.621532258,85,19,50,1,0,0,0,934
171,240.0,12.13260234,89,20,62,0,0,0,0,935
10,120.0,24.235,4,1,5,0,0,0,0,936
19,288.0,16.50986842,15,0,4,0,0,0,0,937
7,75.0,25.57678571,3,3,0,1,0,0,0,938
2,0.0125,0.0125,2,0,0,0,0,0,0,939
19,450.0,71.03289474,10,8,1,0,0,0,0,940
13,0.0125,0.0125,13,0,0,0,0,0,0,941
41,240.0,17.70689024,21,4,16,0,0,0,0,942
21,400.0,74.62797619,7,11,3,0,0,0,0,943
13,80.0,8.891346154,7,2,4,0,0,0,0,944
9,11.25,2.259722222,7,2,0,0,0,0,0,945
4,0.0125,0.0125,4,0,0,0,0,0,0,946
265,180.0,7.711650943,135,34,89,4,2,1,0,947
66,180.0,27.68522727,18,22,26,0,0,0,0,948
2,0.0125,0.0125,2,0,0,0,0,0,0,949
60,40.0,7.535291667,27,10,21,2,0,0,0,950
32,480.0,21.17265625,18,5,9,0,0,0,0,951
24,432.0,58.53854167,14,8,2,0,0,0,0,952
1,0.0125,0.0125,1,0,0,0,0,0,0,953
4,72.0,22.00625,2,1,1,0,0,0,0,954
4,2.0,0.509375,3,0,1,0,0,0,0,955
25,48.0,8.455,10,2,13,0,0,0,0,956
8,32.0,5.509375,6,1,1,0,0,0,0,957
11,24.0,3.190909091,9,2,0,0,0,0,0,958
13,360.0,71.31346154,6,5,2,0,0,0,0,959
6,0.0125,0.0125,6,0,0,0,0,0,0,960
25,100.0,27.6655,11,8,6,0,0,0,0,961
8,1000.0,131.3796875,3,2,2,0,1,0,0,962
17,840.0,186.4139706,3,14,0,0,0,0,0,963
15,384.0,41.07416667,9,5,1,0,0,0,0,964
32,360.0,17.91640625,26,5,1,0,0,0,0,965
94,360.0,44.79375,29,44,18,0,1,2,0,966
64,72.0,8.461914063,35,12,13,4,0,0,0,967
9,60.0,6.677777778,8,1,0,0,0,0,0,968
5,72.0,21.365,2,1,2,0,0,0,0,969
1,1000.0,1000.0,0,1,0,0,0,0,0,970
27,360.0,19.19768519,19,3,5,0,0,0,0,971
10,90.0,16.17625,5,2,3,0,0,0,0,972
22,36.0,5.776704545,11,3,7,1,0,0,0,973
63,200.0,21.44813492,35,13,14,1,0,0,0,974
2,0.0125,0.0125,2,0,0,0,0,0,0,975
14,96.0,8.582142857,12,2,0,0,0,0,0,976
2,50.0,25.00625,1,1,0,0,0,0,0,977
2,360.0,180.00625,1,1,0,0,0,0,0,978
9,54.0,6.011111111,8,1,0,0,0,0,0,979
10,120.0,12.01125,9,1,0,0,0,0,0,980
22,100.0,11.23409091,12,4,4,2,0,0,0,981
20,135.0,23.8325,12,4,4,0,0,0,0,982
93,900.0,58.50717742,43,27,19,3,1,0,0,983
268,1575.0,107.2870336,101,145,22,0,0,0,0,984
26,63.0,7.961057692,19,6,1,0,0,0,0,985
49,720.0,39.21352041,33,12,4,0,0,0,0,986
29,140.0,19.69353448,17,6,6,0,0,0,0,987
55,2400.0,104.4104545,26,15,13,0,0,1,0,988
17,975.0,80.41985294,11,2,4,0,0,0,0,989
19,90.0,6.878289474,15,3,1,0,0,0,0,990
42,360.0,29.34166667,27,8,7,0,0,0,0,991
14,450.0,57.4,8,2,4,0,0,0,0,992
139,4000.0,76.48381295,48,49,40,1,0,1,0,993
13,800.0,130.3144231,7,5,1,0,0,0,0,994
7,192.0,51.21785714,2,3,2,0,0,0,0,995
120,210.0,10.2771875,80,18,21,0,1,0,0,996
8,600.0,75.384375,6,1,1,0,0,0,0,997
19,80.0,15.14013158,5,6,8,0,0,0,0,998
43,648.0,36.57151163,20,15,7,1,0,0,0,999
21,24.0,3.89047619,16,1,4,0,0,0,0,1000
43,750.0,61.93755814,18,11,12,0,0,0,2,1001
28,72.0,8.551339286,19,3,5,1,0,0,0,1002
1,800.0,800.0,0,1,0,0,0,0,0,1003
2,750.0,465.0,0,2,0,0,0,0,0,1004
15,1250.0,142.1075,9,5,1,0,0,0,0,1005
1,0.0125,0.0125,1,0,0,0,0,0,0,1006
1,0.0125,0.0125,1,0,0,0,0,0,0,1007
29,1800.0,167.1788793,15,14,0,0,0,0,0,1008
3,120.0,74.66666667,0,1,2,0,0,0,0,1009
7,36.0,10.57678571,3,1,3,0,0,0,0,1010
9,240.0,56.45,4,4,1,0,0,0,0,1011
43,320.0,21.47209302,24,5,14,0,0,0,0,1012
1,24.0,24.0,0,1,0,0,0,0,0,1013
108,300.0,19.71162037,54,27,25,2,0,0,0,1014
1,24.0,24.0,0,0,1,0,0,0,0,1015
4,24.0,6.009375,3,1,0,0,0,0,0,1016
33,480.0,28.58333333,20,7,6,0,0,0,0,1017
46,640.0,33.21956522,18,12,16,0,0,0,0,1018
38,240.0,21.17631579,16,6,15,1,0,0,0,1019
1,5.0,5.0,0,0,1,0,0,0,0,1020
98,200.0,9.476556122,59,14,25,0,0,0,0,1021
62,72.0,5.287903226,48,9,5,0,0,0,0,1022
15,640.0,84.785,3,9,3,0,0,0,0,1023
2,4.5,2.25625,1,0,1,0,0,0,0,1024
46,210.0,14.4361413,25,4,16,0,1,0,0,1025
31,80.0,4.412903226,24,4,3,0,0,0,0,1026
3,960.0,320.0083333,2,0,1,0,0,0,0,1027
22,36.0,2.339204545,17,2,3,0,0,0,0,1028
32,96.0,16.38945313,17,10,5,0,0,0,0,1029
14,1000.0,98.86696429,10,4,0,0,0,0,0,1030
29,150.0,14.44741379,14,10,4,1,0,0,0,1031
3,0.0125,0.0125,3,0,0,0,0,0,0,1032
47,240.0,26.82234043,24,13,9,0,0,1,0,1033
4,300.0,75.009375,3,0,1,0,0,0,0,1034
3,12.0,4.008333333,2,1,0,0,0,0,0,1035
145,3500.0,251.9387931,39,94,11,0,1,0,0,1036
32,14400.0,1057.782422,3,23,5,1,0,0,0,1037
14,480.0,34.29732143,13,0,1,0,0,0,0,1038
17,96.0,11.89191176,13,2,1,1,0,0,0,1039
6,300.0,52.00833333,4,2,0,0,0,0,0,1040
12,4.5,0.386458333,11,0,1,0,0,0,0,1041
5,216.0,46.0825,1,2,1,1,0,0,0,1042
18,160.0,34.02708333,7,6,5,0,0,0,0,1043
3,96.0,44.66666667,0,2,1,0,0,0,0,1044
1,36.0,36.0,0,1,0,0,0,0,0,1045
1,0.0125,0.0125,1,0,0,0,0,0,0,1046
55,240.0,11.17454545,40,9,6,0,0,0,0,1047
4,18.0,4.509375,3,1,0,0,0,0,0,1048
3,48.0,32.00416667,1,1,1,0,0,0,0,1049
53,576.0,17.17382075,37,6,9,1,0,0,0,1050
4,72.0,18.009375,3,1,0,0,0,0,0,1051
1,0.0125,0.0125,1,0,0,0,0,0,0,1052
1,0.0125,0.0125,1,0,0,0,0,0,0,1053
5,12.0,2.41,4,0,1,0,0,0,0,1054
4,135.0,33.759375,3,1,0,0,0,0,0,1055
11,30.0,4.326136364,7,0,4,0,0,0,0,1056
18,180.0,43.84097222,10,6,2,0,0,0,0,1057
2,36.0,18.00625,1,1,0,0,0,0,0,1058
35,350.0,23.13714286,24,7,2,1,1,0,0,1059
11,13500.0,1242.190909,8,2,0,0,0,1,0,1060
3,12.0,4.008333333,2,1,0,0,0,0,0,1061
3,180.0,60.00833333,2,1,0,0,0,0,0,1062
1,13.5,13.5,0,0,1,0,0,0,0,1063
1,0.0125,0.0125,1,0,0,0,0,0,0,1064
4,60.0,15.25625,2,2,0,0,0,0,0,1065
2,0.0125,0.0125,2,0,0,0,0,0,0,1066
34,840.0,69.42904412,19,12,3,0,0,0,0,1067
4,105.0,26.85625,2,0,1,1,0,0,0,1068
11,15.0,1.782954545,9,0,2,0,0,0,0,1069
2,15.0,7.50625,1,0,1,0,0,0,0,1070
3,200.0,66.675,2,0,1,0,0,0,0,1071
6,105.0,31.50416667,2,1,2,0,0,0,1,1072
1,400.0,400.0,0,1,0,0,0,0,0,1073
1,0.0125,0.0125,1,0,0,0,0,0,0,1074
3,0.0125,0.0125,3,0,0,0,0,0,0,1075
4,12.0,4.50625,2,2,0,0,0,0,0,1076
2,0.0125,0.0125,2,0,0,0,0,0,0,1077
1,6.0,6.0,0,1,0,0,0,0,0,1078
17,80.0,19.65367647,10,6,1,0,0,0,0,1079
2,72.0,36.00625,1,1,0,0,0,0,0,1080
3,0.0125,0.0125,3,0,0,0,0,0,0,1081
1,2.1,2.1,0,1,0,0,0,0,0,1082
3,0.0125,0.0125,3,0,0,0,0,0,0,1083
1,35.0,35.0,0,0,1,0,0,0,0,1084
3,0.0125,0.0125,3,0,0,0,0,0,0,1085
3,0.0125,0.0125,3,0,0,0,0,0,0,1086
2,1000.0,500.00625,1,1,0,0,0,0,0,1087
3,210.0,70.00833333,2,1,0,0,0,0,0,1088
8,1440.0,192.7796875,3,1,4,0,0,0,0,1089
2,0.0125,0.0125,2,0,0,0,0,0,0,1090
12,2250.0,299.2552083,5,7,0,0,0,0,0,1091
133,360.0,18.46578947,76,30,24,3,0,0,0,1092
97,960.0,43.06469072,46,32,15,1,0,3,0,1093
143,5120.0,87.52475524,85,28,27,1,1,1,0,1094
171,20000.0,148.8445906,95,57,14,1,1,3,0,1095
40,1000.0,94.306875,30,9,1,0,0,0,0,1096
2,60.0,31.5,0,0,2,0,0,0,0,1097
59,1200.0,208.6425847,9,44,6,0,0,0,0,1098
1,0.0125,0.0125,1,0,0,0,0,0,0,1099
5,10.0,2.01,4,1,0,0,0,0,0,1100
1,0.0125,0.0125,1,0,0,0,0,0,0,1101
28,225.0,23.11741071,15,10,2,1,0,0,0,1102
3,72.0,24.00833333,2,1,0,0,0,0,0,1103
8,81.0,10.1359375,7,1,0,0,0,0,0,1104
11,192.0,32.05340909,7,3,1,0,0,0,0,1105
2,0.0125,0.0125,2,0,0,0,0,0,0,1106
6,37.5,7.925,4,1,1,0,0,0,0,1107
58,360.0,31.81508621,42,9,7,0,0,0,0,1108
23,120.0,21.05217391,16,5,2,0,0,0,0,1109
1,0.0125,0.0125,1,0,0,0,0,0,0,1110
1,0.0125,0.0125,1,0,0,0,0,0,0,1111
2,120.0,60.00625,1,1,0,0,0,0,0,1112
10,0.0125,0.0125,10,0,0,0,0,0,0,1113
1,96.0,96.0,0,1,0,0,0,0,0,1114
3,36.0,12.00833333,2,1,0,0,0,0,0,1115
11,24.0,6.302272727,6,2,3,0,0,0,0,1116
17,45000.0,2851.211176,4,8,5,0,0,0,0,1117
2,0.0125,0.0125,2,0,0,0,0,0,0,1118
3,0.0125,0.0125,3,0,0,0,0,0,0,1119
1,0.0125,0.0125,1,0,0,0,0,0,0,1120
15,180.0,15.67666667,12,2,1,0,0,0,0,1121
12,400.0,36.04166667,8,2,2,0,0,0,0,1122
25,240.0,9.971,22,2,1,0,0,0,0,1123
84,108.0,8.663392857,61,12,11,0,0,0,0,1124
12,64.0,7.259375,9,2,1,0,0,0,0,1125
9,36.0,10.5625,5,3,1,0,0,0,0,1126
10,120.0,13.70875,7,2,1,0,0,0,0,1127
5,15.0,5.035,2,1,1,0,1,0,0,1128
2,0.0125,0.0125,2,0,0,0,0,0,0,1129
27,240.0,31.83472222,11,5,10,0,1,0,0,1130
6,7.5,1.508333333,4,0,2,0,0,0,0,1131
35,2880.0,332.1825,8,24,3,0,0,0,0,1132
133,9600.0,271.2458083,71,37,25,0,0,0,0,1133
11,216.0,48.55227273,6,4,1,0,0,0,0,1134
11,72.0,14.69090909,8,3,0,0,0,0,0,1135
100,4500.0,187.264375,34,62,4,0,0,0,0,1136
17,48.0,7.583382353,7,3,4,2,1,0,0,1137
8,4.5,0.821875,6,0,2,0,0,0,0,1138
75,12600.0,380.6483333,24,38,13,0,0,0,0,1139
38,450.0,29.29703947,23,11,4,0,0,0,0,1140
1,0.0125,0.0125,1,0,0,0,0,0,0,1141
1,0.0125,0.0125,1,0,0,0,0,0,0,1142
10,12.0,1.21125,9,1,0,0,0,0,0,1143
25,105.0,6.67,20,3,2,0,0,0,0,1144
22,3600.0,194.7801136,11,3,3,1,2,0,2,1145
18,11.25,0.886111111,16,2,0,0,0,0,0,1146
40,270.0,27.6584375,27,9,4,0,0,0,0,1147
3,8.0,2.970833333,1,1,1,0,0,0,0,1148
61,375.0,22.5667623,33,11,12,4,1,0,0,1149
78,192.0,3.454647436,68,2,8,0,0,0,0,1150
4,0.0125,0.0125,4,0,0,0,0,0,0,1151
9,360.0,105.3388889,4,5,0,0,0,0,0,1152
130,1920.0,57.77346154,54,68,6,1,1,0,0,1153
32,450.0,48.94023438,15,11,6,0,0,0,0,1154
10,1800.0,473.60125,1,9,0,0,0,0,0,1155
13,6.6,0.519230769,12,0,1,0,0,0,0,1156
25,60.0,6.4715,15,2,7,1,0,0,0,1157
2,0.0125,0.0125,2,0,0,0,0,0,0,1158
90,315.0,39.99152778,42,37,11,0,0,0,0,1159
58,1000.0,85.65086207,28,23,7,0,0,0,0,1160
26,1800.0,303.5961538,8,14,4,0,0,0,0,1161
135,1406.25,40.70388889,62,32,35,5,1,0,0,1162
38,210.0,16.48980263,25,6,7,0,0,0,0,1163
68,560.0,61.27352941,31,30,6,1,0,0,0,1164
76,264.0,13.28190789,53,9,11,2,1,0,0,1165
27,200.0,43.17083333,9,16,2,0,0,0,0,1166
68,480.0,30.15036765,42,15,9,2,0,0,0,1167
19,112.0,16.20394737,15,3,1,0,0,0,0,1168
17,134.0,21.98970588,11,2,4,0,0,0,0,1169
67,3840.0,113.7121269,37,23,7,0,0,0,0,1170
24,1800.0,227.4416667,8,12,4,0,0,0,0,1171
18,45.0,3.177083333,15,0,3,0,0,0,0,1172
6,13.5,2.260416667,5,0,1,0,0,0,0,1173
1,0.0125,0.0125,1,0,0,0,0,0,0,1174
29,200.0,37.04137931,16,9,4,0,0,0,0,1175
2,0.0125,0.0125,2,0,0,0,0,0,0,1176
11,24.0,3.9625,7,1,3,0,0,0,0,1177
2,192.0,114.0,0,2,0,0,0,0,0,1178
16,400.0,154.6914063,5,11,0,0,0,0,0,1179
4,0.0125,0.0125,4,0,0,0,0,0,0,1180
3,108.0,48.00416667,1,2,0,0,0,0,0,1181
4,320.0,81.31875,2,2,0,0,0,0,0,1182
1,18.0,18.0,0,1,0,0,0,0,0,1183
7,160.0,53.57678571,3,4,0,0,0,0,0,1184
1,30.0,30.0,0,0,0,0,1,0,0,1185
4,205.0,58.378125,1,2,1,0,0,0,0,1186
2,60.0,30.00625,1,1,0,0,0,0,0,1187
1,12.8,12.8,0,1,0,0,0,0,0,1188
1,0.0125,0.0125,1,0,0,0,0,0,0,1189
2,120.0,85.0,0,2,0,0,0,0,0,1190
10,245.0,54.50625,5,4,1,0,0,0,0,1191
1,120.0,120.0,0,1,0,0,0,0,0,1192
2,56.0,28.00625,1,1,0,0,0,0,0,1193
1,27.0,27.0,0,0,1,0,0,0,0,1194
3,0.0125,0.0125,3,0,0,0,0,0,0,1195
1,0.0125,0.0125,1,0,0,0,0,0,0,1196
2,0.0125,0.0125,2,0,0,0,0,0,0,1197
3,120.0,42.50416667,1,1,0,0,1,0,0,1198
4,90.0,22.509375,3,1,0,0,0,0,0,1199
2,80.0,44.5,0,1,1,0,0,0,0,1200
1,300.0,300.0,0,0,1,0,0,0,0,1201
21,31.5,3.038690476,17,2,1,1,0,0,0,1202
1,360.0,360.0,0,1,0,0,0,0,0,1203
38,400.0,46.93256579,15,19,3,1,0,0,0,1204
1,128.0,128.0,0,1,0,0,0,0,0,1205
1,0.0125,0.0125,1,0,0,0,0,0,0,1206
